{"Time":0.0,"V1":-56.4075096313,"V2":-72.7157275629,"V3":-48.3255893624,"V4":-5.6831711982,"V5":-113.7433067111,"V6":-26.1605059358,"V7":-43.5572415712,"V8":-73.2167184553,"V9":-13.4340663182,"V10":-24.5882624372,"V11":-4.7974734648,"V12":-18.6837146333,"V13":-5.7918812063,"V14":-19.2143254903,"V15":-4.4989446768,"V16":-14.1298545175,"V17":-25.1627993693,"V18":-9.498745921,"V19":-7.2135274302,"V20":-54.4977204946,"V21":-34.8303821448,"V22":-10.9331436977,"V23":-44.8077352038,"V24":-2.8366269187,"V25":-10.295397075,"V26":-2.6045505528,"V27":-22.5656793208,"V28":-15.4300839055,"Amount":0.0,"Class":0.0}
{"Time":172792.0,"V1":2.4549299912,"V2":22.0577289905,"V3":9.3825584328,"V4":16.8753440336,"V5":34.8016658767,"V6":73.301625546,"V7":120.5894939452,"V8":20.0072083651,"V9":15.5949946071,"V10":23.7451361207,"V11":12.0189131816,"V12":7.8483920756,"V13":7.1268829586,"V14":10.5267660518,"V15":8.8777415977,"V16":17.3151115176,"V17":9.2535262505,"V18":5.0410691854,"V19":5.5919714273,"V20":39.4209042482,"V21":27.2028391573,"V22":10.5030900899,"V23":22.5284116898,"V24":4.5845491369,"V25":7.5195886787,"V26":3.5173456116,"V27":31.6121981061,"V28":33.8478078189,"Amount":25691.16,"Class":1.0}
